TCGA-05-4249-01A-01-BS1.38c41760-cc43-4904-9575-803d1d92b992,b1bd4e23-6ce6-4608-bed7-314427a19a11,0,0
TCGA-05-4249-01A-01-TS1.912c8d26-dc9f-4bae-bfcd-559cf234c921,13187e7c-38fa-4cbe-8956-3f933bb0c093,0,1
TCGA-05-4249-01Z-00-DX1.9fce0297-cc19-4c04-872c-4466ee4024db,b6fea18e-9615-49c1-a10b-1d466639c2bd,0,2
TCGA-05-4389-01A-01-BS1.20fc0609-bf70-479e-af94-b15f4c46bc69,d1ebb02b-e619-4f18-886c-f3d070300933,0,3
TCGA-05-4390-01A-01-TS1.df635aeb-4e20-4e96-a64b-bd985c55bd62,529bc57c-79d3-46d0-8459-6dc917b8b27a,0,4
TCGA-05-4390-01A-02-BS2.a85d2b2a-2e47-475f-8c98-318ae02e16c4,8e12e775-8bf2-4106-80d4-ef0b7096f764,0,0
TCGA-05-4390-01A-01-BS1.38f2a7ef-442a-4fa6-acad-6e5d567bdcfd,b72e8453-70e0-467d-89fe-67e46614990e,0,1
TCGA-05-4395-01A-01-TS1.5765cb40-0523-4969-ae42-54e3f18b27a6,b011df75-6858-43c5-9c77-250e307fa74b,0,2
TCGA-05-4396-01A-02-BS2.23cf2a72-6fe5-4fb4-91e8-fd855bfce541,1821a025-d5cf-4ee1-bfde-21fdb40a7634,0,3
TCGA-05-4398-01Z-00-DX1.269bc75f-492e-48b1-87ee-85924aa80e74,5018f804-cc47-4081-88e4-55c75095ecc2,0,4
TCGA-05-4398-01A-01-BS1.844b45df-df4e-41e1-9608-2743644bbcd1,16bd320e-670a-4d5f-920c-c1039f95b5d4,0,0
TCGA-05-4398-01A-01-TS1.061af2c7-1143-430d-8286-1996405ab057,1122d987-e42f-49ae-bc4c-2b5d46df9b9b,0,1
TCGA-05-4403-01A-01-BS1.f732ca27-f2a5-4183-a35a-6f6fd3cc8392,9eae843d-ee88-4956-91ce-3f7c989c6fae,0,2
TCGA-05-4403-01A-01-TS1.4ea11b71-999c-4073-ab56-c6da0eb310f8,f6c36a27-f310-4c96-b5bf-1b6adc5f86f9,0,3
TCGA-05-4403-01Z-00-DX1.fee8e988-956c-42a2-a6c5-06b6d6736295,d14d5041-6ea8-431a-82e7-ba3f98e88711,0,4
TCGA-05-4405-01Z-00-DX1.D57EC2B2-3A59-4954-86A7-61782938BCC5,6b0e0c19-b841-4bd8-aa4e-5e947bc8cd32,0,0
TCGA-05-4405-01A-02-BS2.a4ee62d5-ec40-4ceb-9109-ca799b9f4c1e,2436b178-b67a-40ec-be11-31fc22ee7d99,0,1
TCGA-05-4415-01A-01-BS1.5c754d4d-2888-474d-a008-3bfba54a9b3b,5fdaa604-5167-4983-9f40-34712720f473,0,2
TCGA-05-4415-01Z-00-DX1.55E0C429-B308-4962-8DA9-41D7D3F7764E,a79c96ab-5f63-41ba-95e8-18d4bfbb998a,0,3
TCGA-05-4415-01A-02-BS2.a7e9ec2e-fda7-4d40-a58c-7d8f49868eca,464932c4-2bc8-47a9-a40b-e0178aca9e63,0,4
TCGA-05-4417-01A-01-BS1.77504096-c1dd-4bbf-ab1a-c12fde152fc1,ae365346-f0d4-4c44-af68-e02424c1d119,0,0
TCGA-05-4417-01Z-00-DX1.6E534856-996F-4BD9-8AFC-7B1BF627E505,19772eb2-49e3-4271-91b6-cdc1b688fa2a,0,1
TCGA-05-4417-01A-02-BS2.5e476601-0b01-498c-b97e-7f6daa5cbcf2,a2b8b949-f1cb-40f0-bebc-b95960f9daa2,0,2
TCGA-05-4418-01A-01-BS1.929cb56b-2bb8-4698-9bde-9073c3dbe831,2fe585b0-ca89-4ff5-a3eb-390e909953bc,0,3
TCGA-05-4418-01A-01-TS1.61b48f7c-970a-4cd9-87f7-b2da39b58842,72617aa3-a680-439f-83e8-6cb1a2660c55,0,4
TCGA-05-4418-01Z-00-DX1.f3863ea5-564f-482f-9878-cc104cf69401,5cd6573f-646b-4c8a-a296-928c67282d97,0,0
TCGA-05-4420-01A-01-TS1.ca743cbe-1c69-4096-97d6-1b83489d1b79,df036cc6-18f9-46fb-bc3f-dda6f3d0620c,0,1
TCGA-05-4422-01A-01-BS1.bdd3ea06-6f9c-4add-ae8c-35390a8bb871,ef9a14c0-052f-4c90-88e9-00aada4d738d,0,2
TCGA-05-4422-01Z-00-DX1.4802093f-71ea-43d5-bd92-b4bd7fc8c5bf,12a826f1-0683-4ff7-a3a6-4158a2de785f,0,3
TCGA-05-4424-01A-02-BS2.f6633661-43a2-40d8-9525-91b7145405dd,633928bc-4e2d-4b63-aaae-5a0d56226cee,0,4
TCGA-05-4425-01A-01-TS1.da18378d-f5e5-4b22-9ad6-c53365c20945,122bc844-2e2a-4b6e-8426-60b8e76dc29a,0,0
TCGA-05-4425-01A-01-BS1.1d187624-0bc1-4e49-9546-2003f2855103,dcbbfc75-e1d1-4e60-a30e-914af8f6bb31,0,1
TCGA-05-4426-01A-01-BS1.1f288ec4-45bc-4a5b-a3ae-b0deee84e57b,3e7d836b-89f7-4407-8e5f-bfcce3e8972b,0,2
TCGA-05-4426-01Z-00-DX1.4c9da782-f4aa-4c4f-b3aa-fae2259f236f,755851ba-ca30-469a-8475-5d0546764446,0,3
TCGA-05-4430-01Z-00-DX1.95659bbb-3091-4370-bc1d-6c6c1baa7b3d,9d02e693-4bed-4c61-964a-2743fa20ec6b,0,4
TCGA-05-4430-01A-01-BS1.ddcc645f-ec88-4853-a0cf-7d294d8803e0,c7a478b8-fb99-4c4d-adf8-3c27634c3737,0,0
TCGA-05-4430-01A-02-BS2.4f136698-11e3-4ba5-90ed-490dd15b0b38,ba42f5cd-3ce6-43f9-9745-a3c0c5c4a6bd,0,1
TCGA-05-4432-01Z-00-DX1.90d00d62-402b-404a-85e2-0edf869193ab,80e627a6-79af-4232-8cbe-d89d8d2f8511,0,2
TCGA-05-4433-01Z-00-DX1.5843D3CC-CB24-4A0A-BB65-78A5DAA11D84,60f8249b-abf8-4ae3-a472-ed2a428e3834,0,3
TCGA-05-5420-01A-01-BS1.baf2b018-7a89-4b11-9328-ce8ea70fdc84,531d6770-09be-4f68-895f-e1e657313309,0,4
TCGA-05-5428-01A-01-BS1.25096a3c-8106-4fa7-a303-511e4d917b05,0441ed34-2a0a-41c7-bf49-dfd1f577a45e,0,0
TCGA-05-5428-01A-01-TS1.e65a4519-45c7-45b7-a85f-8e8c9a440cfe,87932c2d-3056-438c-a2ee-f5e6160966fc,0,1
TCGA-05-5429-01A-01-BS1.23171dd0-7445-4341-b0ad-a67554cdaf48,929d4ef0-d34f-46ea-9b44-18288b04ae31,0,2
TCGA-05-5715-01A-01-BS1.07f006df-4583-4bdc-ac13-82d2c5d178c7,d3479fe8-ce0c-426e-b17f-209a07a6eb16,0,3
TCGA-05-5715-01A-01-TS1.d2aaa24d-de1c-4b2b-b92f-8b2d2b29db03,1227409f-0850-4b51-a191-193ba141a9e6,0,4
TCGA-35-3615-01A-01-BS1.40ee8b17-cbd1-4b88-bfd9-0685f18f3829,92197c1c-8441-45b3-97da-0ce17921c99a,0,0
TCGA-35-3615-01A-01-TS1.fc686af4-5da7-4baa-bda0-2d33b3445212,a22feafa-9ae2-4e14-9217-c76d39a82a29,0,1
TCGA-35-3615-01Z-00-DX1.585128eb-6652-4b05-9a83-dc8f242904a6,b65fab73-e962-471c-91f8-93d636bdb996,0,2
TCGA-38-4626-01A-01-BS1.57181f5e-1b4d-415a-8acc-9dc40dd03f7b,93f6f658-10e3-4009-b657-77ec02c592ae,0,3
TCGA-38-4626-01A-01-TS1.b856b974-e498-4a8a-a649-bc321c90622a,269a4695-9e0f-4b33-a7b5-8e923112e86a,0,4
TCGA-38-4626-01Z-00-DX1.142bc018-bd79-4db9-84e2-f83a617ea92a,8083350f-0a4b-47f2-94da-fe8200d03f2d,0,0
TCGA-38-4631-01A-01-BS1.ac8b063c-37ee-4080-aa5e-d13a605dc3bd,be015aba-e89d-443c-89ff-3c13b102c5e4,0,1
TCGA-38-4631-01Z-00-DX1.5e0c873a-9c4c-4e0b-bf2e-e3cd8b760761,f28b9a47-68b8-4549-abfd-06e3038dad7b,0,2
TCGA-38-4632-01Z-00-DX1.5E05F85C-53BC-4280-8E7F-8B9DECEF849F,1c71e69a-d769-4082-8d0a-2ea6480dba43,0,3
TCGA-38-4632-01A-01-TS1.eb6e2e6b-89bd-440c-9fc8-d932b5491654,5db0b1ae-5b6a-4e93-a4e1-1e393b8f19d2,0,4
TCGA-44-2655-01A-01-TS1.13d9a55e-1b18-4594-a19a-9e08528e5a08,647f4c68-ca26-49d3-8658-bd09cf3675d7,0,0
TCGA-44-2656-01A-01-TS1.ef924493-5568-45e4-aea8-552b5e99f5ae,3b7e84be-b7d6-4544-b515-aa4ac4ff1a5b,0,1
TCGA-44-2656-01A-02-BS2.2c768435-cc25-4818-ad32-19933a9a7c67,5fcf7bf6-6fd8-4226-9e1e-b8dbd3b6246e,0,2
TCGA-44-2656-01Z-00-DX1.5f247f31-4bb5-460d-a1f7-7dcdba33c835,8abe72fa-a488-42d7-a248-4ed30539ed16,0,3
TCGA-44-2657-01A-01-BS1.76c73b34-7b9c-4daf-9a8f-e74e7734489d,8ac66dcf-022f-4dba-b6cf-29ce2c4d3bac,0,4
TCGA-44-2657-01Z-00-DX1.b7f608bd-2381-40a2-a757-ca4648a7de8a,31bb53b3-ea96-43c4-b672-7069a6cca1bc,0,0
TCGA-44-2659-01A-01-BS1.2e86a925-2d11-4a42-b6c4-b6159a8a2583,1063003c-44cd-40bd-a434-a7b0fc19f5f5,0,1
TCGA-44-2659-01A-01-TS1.aa08e4c2-8d1c-4662-a07e-475a24b082b5,4c253b04-17e9-4c40-8b83-f08f4761f99a,0,2
TCGA-44-2659-01Z-00-DX1.b33f40e6-bc18-48b0-8dad-bdb0a6a200b5,61b92a3c-9098-4b5f-96c8-fa21f1861095,0,3
TCGA-44-2662-01A-01-BS1.f7ba5b6b-8a26-4cf2-8b0c-db76298ca502,704cf7bb-d3bd-4429-a710-52a319952aa9,0,4
TCGA-44-2662-01A-01-TS1.5541e362-1ffb-4c2f-a7c2-492acc419015,53185040-5fab-4d33-996e-6e646e0335ea,0,0
TCGA-44-2662-01B-01-BS1.C0473E69-AD92-4D16-B914-55F0A9C53320,47535eea-7302-4866-b5e9-e824dacf44f9,0,1
TCGA-44-2665-01A-01-BS1.6c4ac2ce-c6f2-42a6-96a8-71db2667d2ce,f06b6346-abc2-476f-b408-a1a5c5b37575,0,2
TCGA-44-2665-01Z-00-DX1.d429e37e-3915-4da6-b5bc-bf2f09f4fbf7,2062d310-ef70-4e81-8e4c-3871797c4d46,0,3
TCGA-44-2665-01B-05-BS5.47F3F3DF-1904-4F32-B565-9B384D19A23A,62c5e8c6-6b72-420c-8ec7-da7db902cc06,0,4
TCGA-44-2665-01B-06-BS6.E848C4F0-289E-4B62-8464-EACA2DA5BC39,4e770250-f0ce-4705-908b-f191d41f03c1,0,0
TCGA-44-2665-01A-01-TS1.c5b2abc1-bff0-431b-8903-dde57038877d,95433e19-56bc-4d4b-8099-b7eb6693fe36,0,1
TCGA-44-2666-01Z-00-DX1.f81a89cf-6033-47ea-9a43-290a5d6a28c1,baad43bc-ca15-421a-ad1d-6f41843057d6,0,2
TCGA-44-2666-01A-01-BS1.7df801b9-da76-40b6-8d4b-1227cef4f002,fe71350a-f717-4bdf-9345-567598ade744,0,3
TCGA-44-2666-01A-04-TS4.F553FEE4-8C86-411A-B014-8DF612224CCA,88ca38af-8ca2-4b62-aafa-ca304f27b4d6,0,4
TCGA-44-2666-01B-01-BS1.337BB968-D31C-408D-8A70-D24D0F9EF35F,b2e71932-ae10-498e-902b-edf3c2c709e3,0,0
TCGA-44-3396-01A-01-BS1.020af312-29f3-4506-941a-6e74f0f3212c,3fed7e1f-f067-4464-be72-2f317cc7b4cf,0,1
TCGA-44-3396-01Z-00-DX1.187b0a68-ad51-4fcd-819c-b74a8599dbe9,a9dfa94e-1a21-4860-9ece-df0796050d0c,0,2
TCGA-44-3396-01A-01-TS1.62d6bfb2-d507-476d-8dd0-a724ceca8f47,d18f8f63-f0f1-44a0-bbcd-69bdf121687f,0,3
TCGA-44-3919-01Z-00-DX1.41144972-46a1-4b25-9faa-ed1b9d1996d2,fdb89f0d-4402-493a-a6ef-a88cfb9542e8,0,4
TCGA-44-3919-01A-02-BS2.89f5632a-fd56-43a7-9aa3-82596731f6da,ab08e243-20dd-4d30-a982-3ba09c01c189,0,0
TCGA-44-4112-01Z-00-DX1.5380b3b4-0e24-4c6c-aa8c-298c5fbe068f,100a645f-75a4-4cf7-aad9-3d44578e7abd,0,1
TCGA-44-4112-01A-01-TS1.836533a5-8389-4554-8f56-419bf11d8db8,984c1550-e5b2-4d76-a50a-3b75e3138932,0,2
TCGA-44-4112-01B-05-TS5.7EFDFB55-AA1B-45D0-B8D4-D3201FA08B36,83e1a727-cbdb-4d04-aef0-dda4ec8a404b,0,3
TCGA-44-4112-01B-05-BS5.21F5BBD4-EE97-4093-875A-47EC7ABB9FBE,5ec41548-46f4-4cea-9700-60e2c3d780db,0,4
TCGA-44-4112-01A-01-BS1.43985cc2-0678-4d4a-a42c-07625bf76a92,70a06803-beb1-4d0d-b0da-a4102d7b9d0c,0,0
TCGA-44-4112-01A-03-TSC.864E17F8-39EB-45DC-909A-245DD784A9B6,02c40f61-ab5a-46fb-a563-e6a96bb7e179,0,1
TCGA-44-4112-01B-06-BS6.A229C77A-9386-47FE-BDED-15541C9A4D19,29edce8d-aaac-4404-915a-1794ec71e568,0,2
TCGA-44-5645-01A-01-BS1.e8526125-616b-4bc2-afac-f96417840633,c67b818a-c999-4d97-947f-9eac8226ae37,0,3
TCGA-44-5645-01B-03-BS3.817AA505-ABFD-412E-8DD7-69D50A7E9BA9,63fe324a-e599-4de5-8445-b0da63050836,0,4
TCGA-44-5645-01A-01-TS1.16170220-fc14-4f39-80be-ef98d46dc3c8,079b645a-8ed7-4ed1-adf0-ada163fe1dfe,0,0
TCGA-44-5645-01B-04-BS4.76ED5128-FB3D-44C7-A679-848860CAA3C5,21a90851-e349-4fc3-bdaa-cc3979529e45,0,1
TCGA-44-6145-01Z-00-DX1.175ad655-b054-407d-bb22-3a4f85849488,dec2f84b-db6d-4cc3-94c4-4a13b91ebcaa,0,2
TCGA-44-6145-01A-01-TS1.694c13e7-a2e5-434e-8093-d78bec903707,148c6c34-d34b-4a4b-8c50-d31dcc8c7b85,0,3
TCGA-44-6146-01A-01-TS1.6518ff71-9b71-41bc-ae3f-6cabb65cafaf,34dbf474-a8cb-4fc7-92cb-773a0f5a8694,0,4
TCGA-44-6146-01A-03-TSC.4A868B18-F1BA-4035-B6FE-9B9A23E32398,2d2f87ce-6b53-49b6-adce-9c2344aac549,0,0
TCGA-44-6146-01B-03-BS3.CAA4A154-72D4-4A13-8999-674D5558BD09,2d480d99-fa97-4c42-80da-5cae6a1d80ab,0,1
TCGA-44-6146-01A-01-BS1.c0b805e5-0bd6-4da5-ba89-ff274dc69ba7,b9e7895c-5db3-4b97-9e94-eb583c2a68b1,0,2
TCGA-44-6146-01Z-00-DX1.8db8c567-690e-4df3-98a9-f241b6a8d811,6b6545f2-b556-4a2b-9dde-1579ffae09ab,0,3
TCGA-44-6146-01B-04-BS4.A6F8A54C-8E91-4133-AAB0-CDE658AE6B1B,6e3aaa3b-c2bc-4fce-a4fd-ef07ad085220,0,4
TCGA-44-6774-01A-01-BS1.1d074a9a-fd4f-4079-bf01-30c26cceaec4,61c69921-197d-474b-b097-4e08e85f13c8,0,0
TCGA-44-6775-01Z-00-DX1.38d3bc6d-8bb5-4126-8d61-d39e6a1d7bcf,f4bc3db8-eac1-4a1d-9049-dce8ced935a4,0,1
TCGA-44-6775-01C-02-BS2.86546881-8F51-458E-8E1D-6B9943A5DF85,98f44190-f526-4337-a921-ba3e8f8abdad,0,2
TCGA-44-6775-01A-01-TS1.18c0ffa9-7bed-44a2-8ab5-90e87bee79ef,1e6df6bd-d4c5-4b5f-9eac-01494d81aa81,0,3
TCGA-44-6775-01A-03-TS3.DE1214F1-C47F-4710-BD72-3AFAF3D920E3,01c352aa-d4ac-4f7d-b9c8-47bf86b401c7,0,4
TCGA-44-6775-01A-01-BS1.dd1594a9-8973-490a-9c5c-c9a676a71f5f,036b183f-7c09-4c50-9afe-bd2d2a4cbccf,0,0
TCGA-44-6776-01A-01-TS1.ec07dc02-a346-4bc0-b282-7e0358b707b4,c1790782-50cc-45b7-8877-d5aac83935c7,0,1
TCGA-44-6777-01Z-00-DX1.aca7b23d-a601-4476-8bfd-eb46f0b6a96e,cba0303e-5f68-433c-8459-a3565bc7ccab,0,2
TCGA-44-6777-01A-01-TS1.5ab793ed-3c0a-45d5-8774-64de0fa7684c,f92a28f1-7228-43f8-a0bc-8cfe737d0278,0,3
TCGA-44-6779-01Z-00-DX1.40f10ad8-55f3-4043-a89b-37d33a26dd8c,46fe9cc7-73be-4251-8542-6675bd03a21f,0,4
TCGA-44-6779-01A-01-TS1.3bb8f185-cd48-40ea-ab5e-53d63352a2d3,a13efe9f-de9b-4229-a92d-520d841e09a0,0,0
TCGA-44-6779-01A-01-BS1.e55cc68b-4f36-4d22-a4b7-9af0417a4171,438c7dbf-645f-482a-9619-2d4889915fae,0,1
TCGA-44-7659-01A-01-BS1.644c216c-1d56-448c-9cb2-afade812e5c1,7d1dd235-f466-4157-a80a-1b03eed46f0d,0,2
TCGA-44-7659-01Z-00-DX1.818bf5b3-b4c1-4d23-a6ae-98d5015eb8c1,395291b1-a13b-4602-890f-de900d3e3153,0,3
TCGA-44-7659-01A-01-TS1.fd4a28e4-d143-44e4-b055-fc9f03d65427,eac44668-2e5b-44a3-af96-2004385fae2d,0,4
TCGA-44-7662-01A-01-TS1.4c625270-d26c-40ba-abb4-bec3f3543b2f,af790c27-8915-453b-ae82-ed9d6575ebcd,0,0
TCGA-44-7670-01Z-00-DX1.2a981dd6-0063-438e-b20e-b180b16e2b23,ad1c4055-c676-450b-84fe-2df6b0164537,0,1
TCGA-44-7670-01A-01-BS1.d58c6b0b-24a0-4a79-a7f6-fb0c99dcc7d3,bf97ecb8-231f-40c6-a950-cbc22556bfe6,0,2
TCGA-44-7671-01A-01-TS1.1d326f9a-ff45-4873-be18-8f0e1e466537,a4060b5e-879a-4850-8b11-d832cf4963aa,0,3
TCGA-44-7671-01Z-00-DX1.00297baa-00e7-4894-a7b8-c9ac2a9d42d8,193cc528-3328-4ba7-b285-3adb8a0f7586,0,4
TCGA-44-7672-01Z-00-DX1.71f4a0c6-a9cc-481c-ace8-c8c314952aa1,fd1c95ff-26b9-4a95-a671-fa1e2b511cbe,0,0
TCGA-44-7672-01A-01-TS1.8abd3fe8-8915-45c9-9bf5-9e68238d51b1,905dd3cf-908a-4e0b-80f4-d6f1dfcc1338,0,1
TCGA-44-7672-01A-01-BS1.a38f352e-9626-4dab-b1b6-02b420384df5,510a5538-1b2f-4d62-819c-14c7864b4fbf,0,2
TCGA-49-4486-01A-01-TS1.0022a845-3477-46c1-9af6-b840ac3aad1e,a3c696d9-fe85-4315-9213-7c5c0cdf4ea7,0,3
TCGA-49-4487-01A-02-BS2.a86aa3c6-1dec-459d-90aa-69347884ed80,3ef0568f-2df3-42f1-89b5-ee22f4943a4b,0,4
TCGA-49-4487-01Z-00-DX1.3a3a0720-463c-430e-849b-e2f8991bdfa5,c7db6035-2e28-4b90-9eb2-852b10b999f6,0,0
TCGA-49-4488-01Z-00-DX1.c9beef33-2d53-4fcb-8293-f083d9fedddc,c507c4a4-98a3-478c-a4cf-f41b5d0bdca9,0,1
TCGA-49-4488-01Z-00-DX5.6380c697-c81b-48c8-863c-ea1cdd097464,f6962a03-8c03-4039-8778-dbecc5426f45,0,2
TCGA-49-4488-01Z-00-DX7.a04b36c3-9cfd-4195-92c0-70046cd49d9a,89e2ce8a-2ef4-4819-b9a6-3395ea86f133,0,3
TCGA-49-4488-01Z-00-DX6.3ce306b2-1b00-48f7-8288-c24069037a9c,2fd44555-5e08-4e3c-ae65-2266bb02ee08,0,4
TCGA-49-4488-01Z-00-DX8.b9fb358a-9618-4956-9544-c2ffe2678095,97f40781-7223-4ceb-b73c-9f231845544f,0,0
TCGA-49-4488-01Z-00-DX2.ce896a98-8b45-4606-8849-3a377b81e3de,d77790d0-7556-4d46-8832-ece604082fd5,0,1
TCGA-49-4488-01A-01-BS1.334cd670-30d0-48bd-8910-2ec1f42ce8c2,73e678c4-ee7c-42de-b3d8-610a4b34b5ea,0,2
TCGA-49-4505-01Z-00-DX1.d49d603e-1f76-43a1-a803-9f2d6a6df715,d6d105f1-955f-4c6d-9099-f1a0af7b8a74,0,3
TCGA-49-4505-01Z-00-DX2.48df81e7-5a8e-4c5b-993a-6a54481a35e9,609fa030-fdb5-43ca-b244-2416e47ded08,0,4
TCGA-49-4505-01Z-00-DX4.623c4278-fc3e-4c80-bb4d-000e24fbb1c2,a1b3946e-e734-46a8-ae64-43ec9a1bea74,0,0
TCGA-49-4505-01A-01-TS1.15b747c0-7a0c-4eb3-910c-f6ecc6cb3f8a,f86de62e-5e07-43bc-961b-ecf7c25cd7e1,0,1
TCGA-49-4505-01Z-00-DX3.d3f8d0c4-e4bc-4201-9b2f-e010f51dd8c3,9652ee90-6879-4793-829a-00543d5aa8f4,0,2
TCGA-49-4506-01A-01-BS1.4f66461a-5fe7-43ef-98ae-35c70b66b449,57e050b8-d224-43e0-a0f4-d8a0205741bc,0,3
TCGA-49-4506-01A-01-TS1.23c0357f-59da-463d-9e13-13dff47b86d9,da5b1643-785d-428f-bacc-0782c858c92a,0,4
TCGA-49-4506-01Z-00-DX4.9460a2c1-efe2-4095-9b0e-dfe0eda684ba,656781ef-da87-4b11-bc39-2e7f75e31ce3,0,0
TCGA-49-4506-01Z-00-DX3.a05a3969-bbef-48d8-86de-f51c8870afd6,4c3554c8-171d-4e52-9bbf-52c2fae816b6,0,1
TCGA-49-4506-01Z-00-DX2.81e180ae-bd9f-49cc-9a0f-297800cc7280,7177eb39-cdd8-462e-afbb-84fce922f95d,0,2
TCGA-49-4507-01A-01-TS1.4b4b4465-0b06-4f42-a4e3-e36fc777f643,80af2154-14bd-48e4-adcc-e1304e4fa67f,0,3
TCGA-49-4510-01Z-00-DX1.0b7c713f-6f72-42c3-967d-7e19a280e761,1d896565-f1cc-4e6f-9197-41642e3e4ac8,0,4
TCGA-49-4510-01A-01-TS1.3f8cedfa-a86e-42ae-87a9-70d554393c33,c521592b-1299-4107-a884-0810bb61ab6a,0,0
TCGA-49-4512-01Z-00-DX7.1f758560-85e2-4cf9-a81a-317536d96bcc,c4386272-d33d-4e96-82bf-9207031225d5,0,1
TCGA-49-4512-01Z-00-DX2.341d7ff7-15e1-44f1-8818-b117fe98ca99,472ab102-7006-481e-a94f-c33da6a82689,0,2
TCGA-49-4512-01A-02-BS2.180a6269-9edb-47b8-b295-c43753d3c5a6,eccc6c01-2f2b-407b-a813-67a9a4f7cb46,0,3
TCGA-49-4512-01A-01-BS1.a7142de2-2647-41ce-b7ec-8d375f177ab1,f02bea32-576c-49a1-8814-e8a3dfd04047,0,4
TCGA-49-4512-01Z-00-DX1.ced0bda8-f2d6-4bcb-b2d6-b122846a3079,601a0260-4fc9-4a2d-826c-76a36f6e14db,0,0
TCGA-49-4512-01Z-00-DX4.5161fcf5-62a3-4f7d-8a55-9a24a7d70efb,dee0943f-9728-4f71-a2ef-f1caae3e2e04,0,1
TCGA-49-4512-01Z-00-DX5.7198ce36-1fae-4da1-9f26-b7f43cf01133,b1afe063-b29e-4975-b3b5-303c7e10836d,0,2
TCGA-49-4514-01A-01-BS1.70740a85-cc84-40c5-9218-82456df14738,7fb1986e-20ab-4963-b559-6e411e470e87,0,3
TCGA-49-4514-01A-02-BS2.f9c459b7-06e5-49e3-b212-e4e0c6bb81e6,1cf46ea5-06cd-49ba-bdad-e6a82de8b400,0,4
TCGA-49-4514-01Z-00-DX1.9c304807-2a0c-44f7-97cc-fbd30f2c740f,c30278a2-971f-49fc-b689-3c5b8ff7be37,0,0
TCGA-49-6742-01Z-00-DX4.a11201e1-9eeb-40ea-9c88-28de847ef7d8,284ce9f3-c904-498e-8b33-778505364e5a,0,1
TCGA-49-6742-01Z-00-DX3.789aa445-e63f-4e6e-900a-0f47f44af6b7,9cf6afb1-c553-4516-bf3a-1e89e24f3132,0,2
TCGA-49-6742-01A-01-TS1.dbb98992-3944-49bd-a35e-45e86ca8b761,d3724f21-0b0b-459d-b6a6-c95bb140ec24,0,3
TCGA-49-6742-01Z-00-DX1.23e8883f-0ecc-4359-a8b5-75d49f43a08b,3bcddb16-e90f-4219-bcb0-066b3b92bc01,0,4
TCGA-49-6744-01A-01-BS1.a4a23863-20cf-483d-936c-0b0e512eacf2,7d790d3d-01a1-4724-a66d-cf82a619a5f5,0,0
TCGA-49-6744-01A-01-TS1.cb8c4bda-8e2b-45e1-a7ec-7db89e297f5d,dc703cee-a916-4a23-aeb0-cd9e1cd91440,0,1
TCGA-49-6745-01Z-00-DX4.48b4bbb5-4214-4bfb-91e8-bddfa2f03c92,3474218c-1681-4208-b6a6-7295b1df678d,0,2
TCGA-49-6745-01Z-00-DX3.40cd3c60-889c-4eaa-be55-36ab5d8b2400,94a35fa3-7b14-4393-9288-ebc3a37716f1,0,3
TCGA-49-6745-01Z-00-DX2.3b8e947b-885e-486f-9edc-f2b247bdf95b,f5982942-9ca7-4d18-94a1-caedc958d9e0,0,4
TCGA-49-6745-01Z-00-DX6.3174fffa-c17c-44d1-8d21-1921a9ec1bee,2b055b42-d6e8-41f5-9de0-43b460407a63,0,0
TCGA-49-6745-01A-01-BS1.a41e5347-9c8d-4003-a48a-43cd9bfb9dcc,0194c498-3aa7-461a-8caf-c78b81b0e0a2,0,1
TCGA-49-6745-01A-01-TS1.f386fbd6-ca0e-4672-b2dc-dbc4c54ef9db,6dbcc11d-98a6-4c62-94f0-eee2a1d8a7c1,0,2
TCGA-49-6745-01Z-00-DX1.6bf8a38c-5e3a-4b32-8870-03bc06c0db80,0b4f00a3-4338-4c86-95d9-c2964c8b5a86,0,3
TCGA-49-6761-01Z-00-DX1.10c577a2-f65c-4517-8a25-83d44e380f8f,69d9593e-6189-453a-9042-28e6485f1a93,0,4
TCGA-49-6761-01A-02-BS2.4750f290-f2fa-4bcf-aae1-33743b35c92f,7088315a-e0d9-4261-9785-0f01ab320002,0,0
TCGA-49-6767-01A-01-BS1.cf0fa204-1f31-4935-beab-ab91204ea89f,7d59cc5c-a5b2-4ab8-a83d-b34d4044c5d7,0,1
TCGA-49-6767-01Z-00-DX1.53459c0e-b8ec-4893-9910-87b63c503134,44ae7bf8-1303-430a-b75d-2709423d9e4b,0,2
TCGA-50-5044-01Z-00-DX1.7E0E651F-411B-4784-B0FA-6EB612527430,432c8861-64dd-4587-b597-93fb748cb4cd,0,3
TCGA-50-5044-01A-02-BS2.29e2c49e-528d-4b26-9528-0afe7375b3fa,aa4f4784-3976-447d-837f-d3ee4695698f,0,4
TCGA-50-5049-01A-01-BS1.eba2afd2-5c5d-4338-9919-8776e0ac1a8b,3fff97fb-c23e-481d-b598-b9d81adf43e6,0,0
TCGA-50-5049-01A-01-TS1.22431092-04c2-4343-884f-029ff951589a,b34f93d1-2ce6-48a0-8479-0a5a2b7d00ad,0,1
TCGA-50-5051-01A-02-BS2.1bdbee1f-f24b-4a65-afb2-3e80e81ff462,bb598194-429b-42ef-b8d7-a37574571eee,0,2
TCGA-50-5051-01A-01-BS1.f3f92997-5cb7-477a-b819-dfc3679f488e,2680c247-e09a-43ca-8d51-81968f1b648c,0,3
TCGA-50-5055-01A-01-TS1.6bd744e9-55ab-4d57-ac07-ef6c64ee4cbd,43694e28-228c-48a8-bd30-311faf42f020,0,4
TCGA-50-5055-01Z-00-DX1.0c9d846b-89b4-4b18-a2eb-0f8d8e0a33c7,1584000d-b749-458f-abbb-f816c6bc4f62,0,0
TCGA-50-5068-01A-01-TS1.8a69dfc8-db3f-49d7-9611-f10cd54bbe6f,8fb42d21-d530-4a17-bdf2-bcb1d6d118a0,0,2
TCGA-50-5068-01A-01-BS1.e2cffa98-abc4-41b3-8861-cb2d0d28ac67,e4578c71-154b-4011-afcd-e5f3135870df,0,3
TCGA-50-5068-01Z-00-DX1.13f1c31e-4d4c-4562-8447-c5bbfbf670a9,2d0a8670-7dfc-4a46-b570-e435cbdfc6fb,0,4
TCGA-50-5072-01A-01-BS1.8e68de46-2a6e-40b5-a6af-9f34d9a5e7fa,644a697c-753f-4d24-bc93-172c4f53fdb7,0,0
TCGA-50-5931-01A-01-TS1.ae13ba18-bb6a-4e32-9148-471932f055cf,8ea88498-b673-4e60-a708-82134b855feb,0,1
TCGA-50-5931-01A-01-BS1.129de2cf-4da5-4e16-80c6-181288bfeff6,50a7de44-fafa-4d45-8f99-ecd97fd4e36c,0,2
TCGA-50-5932-01A-01-BS1.b0ec68b8-ed0c-468e-8ea6-95fc90e4c6a0,d6781579-58ac-4d93-b027-c4f2366ca016,0,3
TCGA-50-5932-01A-01-TS1.e89b93f1-255e-42ac-a0eb-7c3df060b669,cfde6b7d-3711-436f-9d2a-7bd029c02ade,0,4
TCGA-50-5933-01A-01-TS1.4bb2950d-ab82-4d7b-8331-eb4df986aef9,c2a2b7ce-a1ba-4d5a-a057-abc72003ab36,0,0
TCGA-50-5933-01A-01-BS1.5e86d54b-426d-404b-98c3-b705203d4f76,787781d9-09f0-4b38-8998-cbde168c3dc0,0,1
TCGA-50-5935-01A-01-BS1.b3e47bcb-70a9-4177-86a9-f0dac5aa0a07,035ee451-0408-4476-a84e-a7224306aa69,0,2
TCGA-50-5935-01A-01-TS1.3c8f9844-b248-48ef-99d8-2f4974288c0a,80551bf7-97e5-4832-8aa3-2b636ed370ff,0,3
TCGA-50-5936-01A-01-BS1.9b086045-23e1-43d1-a327-7770ed1261e9,9f9deb95-2b89-48af-b792-5661c41468a5,0,4
TCGA-50-5936-01A-01-TS1.74b6b1e9-fda1-4e36-ad25-36048cf168b4,698da093-e5f5-4fb7-b832-d9d59c7d558f,0,0
TCGA-50-5939-01A-01-BS1.947c5ed1-ea28-4100-b3c6-3d7c06b856ff,c74608dd-b660-4407-b543-d33bc27654dd,0,1
TCGA-50-5941-01A-01-TS1.c5010046-2d82-4e38-9e65-3a488061ded6,b3308982-26e5-4534-938e-ab21c4a8bfcb,0,2
TCGA-50-5942-01Z-00-DX1.da1b1274-8740-4c79-adf9-25800913eafa,7c5e53a9-764b-4772-bef1-ef06c54b1770,0,3
TCGA-50-5942-01A-01-BS1.95ef5e11-391b-4c96-9a72-78f6c0637a4e,3cefcbb6-5d27-45bd-bcfc-806acd0613c6,0,4
TCGA-50-6593-01A-01-BS1.f9b5386f-a0c0-44d7-a5a7-37c3d5cf9a1a,27193aea-cd4e-4f67-9b25-752b10827ba9,0,0
TCGA-50-6597-01Z-00-DX1.ec7fc0b2-78a1-4384-bddd-e89f02ee5eb6,0edfc16d-25cc-403d-8862-38ec9c90060a,0,1
TCGA-50-7109-01Z-00-DX1.08f6420c-baa2-4e79-908e-ebbdeec503a6,cb91cfa4-d17b-4ea3-8feb-699961f26604,0,2
TCGA-50-7109-01A-01-BS1.ebb95c66-7e0f-4c43-b57c-0412c9dc502f,c2bba912-eeb3-4647-a662-0c7fd3ff05dd,0,3
TCGA-53-7626-01A-01-TS1.50562488-8429-4794-9701-b654d51a010d,37ca5227-7604-4bdd-b770-5acb9d2ba8c7,0,4
TCGA-53-7813-01A-01-BS1.4eeaa489-12c2-4b42-8304-0307e4389a42,957dcb57-3090-498e-ae86-4df1aa7a8abd,0,0
TCGA-53-7813-01A-01-TS1.113849d5-005f-448a-8bce-2517efc15400,691e188a-444f-4e90-99ff-92d4c28d99e4,0,1
TCGA-53-7813-01Z-00-DX1.97c5eff3-ceeb-499b-b2e1-bcd3cd60c5e7,e539b0b1-95bf-475a-8a59-271826d424cb,0,2
TCGA-55-1592-01Z-00-DX1.ee15e261-2f9c-4a93-a19f-27cb1c3bae15,aa095261-408b-4fc6-a64e-69e7f11409ed,0,3
TCGA-55-1592-01A-01-TS1.b3070338-f5de-401d-a587-dbc8041a270b,fec711fb-08bb-4af1-aaec-9698d5586f9d,0,4
TCGA-55-1596-01A-01-TS1.7362d5c7-8651-4ac7-8760-613fdc4f2a70,8ccd9a06-73bf-4b3e-9d8b-84924398f018,0,0
TCGA-55-1596-01Z-00-DX1.de65522d-92ab-408e-9b7e-24210d386b97,01fe54a6-9ec6-41b8-b625-df0e213262b8,0,1
TCGA-55-1596-01A-01-BS1.3bc1baf3-00ab-4b9c-bf3c-c49acab55d09,5c34518e-f0bc-4b2c-80a5-97314f1822a7,0,2
TCGA-55-6543-01Z-00-DX1.08806fe0-84d3-4fd6-8746-6cf557241958,3118cdd9-4d0d-4842-8694-046323f8f4a4,0,3
TCGA-55-6543-01A-01-TS1.610c1bda-86df-4f39-8621-ef0228f25ad1,997a2fd7-1964-474e-b773-6015b7ef836a,0,4
TCGA-55-6642-01Z-00-DX1.0487cfc6-8216-4da3-aae1-a35452e9e4f6,c98ee938-e171-4dcc-8046-c466dedd2745,0,0
TCGA-55-6642-01A-01-TS1.7451219e-0c43-4268-8c42-15f186f66fa3,708fb1ad-01ba-480c-86e9-42abc22ce921,0,1
TCGA-55-6642-01A-01-BS1.0bb8918b-b267-4a16-994c-91274398ae61,0ca883bc-46d0-4bb8-8a69-131755cd647c,0,2
TCGA-55-6712-01A-01-TS1.8be99f1f-344e-477c-a657-4abccfa3b559,0601ee68-64e0-4083-8de7-b370657887c1,0,3
TCGA-55-6712-01Z-00-DX1.8cd4b879-294e-4da0-8636-704f61b510dc,183f363e-3404-4c1b-aee3-d33d8bccf456,0,4
TCGA-55-6712-01A-01-BS1.7c7664b9-8268-4d99-82ca-92f57ef1ad84,8a4f7968-fc62-4e8d-aa7d-635ff2989494,0,0
TCGA-55-6970-01Z-00-DX1.be042a9b-3eab-4b6c-9cd7-7486ffab037f,33bea012-e135-46b4-aa8a-4be4a61e9087,0,1
TCGA-55-6970-01A-01-BS1.4b65459d-7aa4-41b4-a811-fd46fa2ef112,1c84c5c6-a291-46b6-b574-46688baf38a4,0,2
TCGA-55-6971-01A-01-TS1.c98660f3-ed99-41aa-910e-17f026fb7fae,8c3af4f0-f087-4d37-8ed6-5a96fda36879,0,3
TCGA-55-6971-01Z-00-DX1.6c790768-8252-466a-95e1-97d2086a8132,d1be6e24-e64c-45bc-822d-cbf5a5d5f9a9,0,4
TCGA-55-6971-01A-01-BS1.4d3b20a9-58db-45f9-b6a3-ffb94331ddcd,f9d4c528-ea69-422e-9638-e2f746913f5b,0,0
TCGA-55-6972-01Z-00-DX1.0b441ad0-c30f-4f63-849a-36c98d6e2d3b,20c9afac-0d0c-4fcf-b3bf-a2beba3dd76b,0,1
TCGA-55-6978-01A-01-TS1.3f32b6a5-109a-4b6a-beba-d9958ac0a669,cfe638f3-89ad-4ca7-9ec8-cc7d1299868d,0,2
TCGA-55-6978-01Z-00-DX1.2ef6d6aa-2a19-4bce-b845-cc83ac81a1c3,61ce296a-11f2-49d7-89d3-976c3d2dbaec,0,3
TCGA-55-6979-01A-01-BS1.b2351aff-ca88-40b9-9271-136f7b2585d2,7a0ca4fc-594a-4fbc-90fc-001a78d99639,0,4
TCGA-55-6979-01A-01-TS1.8e94747a-8753-4b9a-bc8a-4f0caeb2106d,fa88d472-2c0c-4a46-a812-3f3ca71b6706,0,0
TCGA-55-6982-01Z-00-DX1.055aeec1-2fc1-4796-b5df-c159335e0300,6ab0b463-bd0b-4020-8c12-7fd1aedccfd0,0,1
TCGA-55-6983-01Z-00-DX1.8f940a64-1f1b-4e6e-99ea-418175be2b3f,1ddc6a98-e855-4ca9-8809-f20725fe3120,0,2
TCGA-55-6983-01A-01-TS1.ec8f181a-3ecb-4a27-995a-13303416016d,0da308ce-a760-4294-ac72-a96a6b30a731,0,3
TCGA-55-6985-01Z-00-DX1.428ad69e-c0ea-445e-8d38-fa2dab6eb81f,9dce4938-27d5-4926-9c66-7176369d27e8,0,4
TCGA-55-6985-01A-01-TS1.622c3ab8-9906-4228-a611-07add2291f7b,c0b3f00c-1233-4df3-a8e5-0f0a6e8a9096,0,0
TCGA-55-6986-01Z-00-DX1.ae52d41e-3cd6-4d36-b04b-2ea7d29bd8da,20303b02-6ba8-4465-b53b-b83bec2187dd,0,1
TCGA-55-7281-01A-01-TS1.5ac0ea11-2c38-4021-a0b0-703b01ba23ba,cd3009a0-764e-4aed-a421-c9218032279b,0,2
TCGA-55-7283-01Z-00-DX1.0f716216-0a46-404e-a4d4-5bb6d7e3f0d1,0cd87478-c165-49a3-a871-f8ab53042656,0,3
TCGA-55-7283-01A-01-TS1.72b7964c-1650-4687-bcf7-ee23f62569af,06780d31-df36-42db-a6be-c0ca093862ec,0,4
TCGA-55-7574-01A-01-BS1.6dcbb8ec-0b23-4ef6-8072-f364f31cd7a4,c37ec107-44e4-4446-80ec-8d5ce87b0494,0,0
TCGA-55-7574-01A-01-TS1.13d42a4b-074e-45a7-8a31-dbe505408711,da096816-271a-4bd4-80a2-0715237e084a,0,1
TCGA-55-7574-01Z-00-DX1.09639e6a-d85f-4d84-abbc-0f5a6d679683,5389e7cf-ca61-4264-b912-9b802c5b1165,0,2
TCGA-55-7576-01A-01-TS1.70c5cd1c-90bf-4c2e-9abf-ca8d87f86098,a100729e-e8e5-472e-87f2-0585c55f2fd7,0,3
TCGA-55-7576-01Z-00-DX1.3a6142e9-c90a-4938-a1d1-061c2ac261f0,a21ba7ca-1bbb-4b84-9b6e-1d0de4ee28bc,0,4
TCGA-55-7725-01Z-00-DX1.4d678777-63b1-4f4a-932a-7fccabf504c7,5296e2bf-dae3-432b-b9bf-020a27dbde48,0,0
TCGA-55-7727-01A-01-TS1.c03d5347-fa79-4260-978c-283a41313a4b,090b007e-ce00-4aee-a285-f6d36226c07a,0,1
TCGA-55-7727-01Z-00-DX1.0c7a4953-16dc-41e0-845b-b89167ec17d7,e5def156-4f08-4e67-8573-7ba728f51675,0,2
TCGA-55-7728-01A-01-BS1.49cf64f5-d494-46af-9bef-8c0cadeaa664,35f9b8a7-7de7-4f7f-8c1d-c1e70222e762,0,3
TCGA-55-7728-01Z-00-DX1.1d47a5fe-cab5-4d5a-a62b-16f345334d25,86988f31-6d83-454b-badd-89d55db38fe5,0,4
TCGA-55-7728-01A-01-TS1.0f0a305d-d0bf-42c4-9dc2-fc187a9c0ed7,7b717082-4601-4cfb-afa8-9c27ca5fac25,0,0
TCGA-55-7815-01A-01-TS1.845d117f-8f2a-469a-8792-a435f65fa63b,4af85612-489b-480c-b7ba-1e73a026523c,0,1
TCGA-55-7815-01Z-00-DX1.288408e6-f6b3-4de4-a1ce-cb2498d9d46d,3fdb16f9-2c00-4e03-ac66-f6cf76b4637f,0,2
TCGA-55-7903-01A-01-TS1.cd6764d6-ef02-419e-88b6-88cbfd54bff9,83fc4fca-b9d2-4fd5-b1f3-f5430e14df7e,0,3
TCGA-55-7907-01A-01-TS1.9d6f7e1e-2fcc-476e-bee0-17a962b88c68,06d26f1e-559c-43b4-b955-1095cac58a2e,0,4
TCGA-55-7911-01Z-00-DX1.081bc002-06ee-4218-a25f-26c0e6c4b333,27098156-24f9-4d49-91ca-1b9ace9fa61b,0,0
TCGA-55-7911-01A-01-TS1.b54d3799-0647-4966-910f-c880f646386d,a8f4891d-fc86-4aac-9c9c-196c8e3605ff,0,1
TCGA-64-1676-01A-01-TS1.21bb0241-8048-4c6a-b8cf-65725523ae05,9cb63c74-f4d3-4e68-9a10-66281cfd3160,0,2
TCGA-64-1676-01Z-00-DX1.3B8F1FAC-0FB2-45DE-AFA1-6ED451A4A61B,55684df0-a116-4adc-9296-403ca92aa44d,0,3
TCGA-64-1677-01Z-00-DX1.7720D42B-1F57-4C23-9BC5-87C456E7737B,3f354f22-d0ef-43c4-880e-01e77c0bf4b8,0,4
TCGA-64-1677-01A-01-TS1.64b2b82e-e4be-4399-bcc6-c32bf9089531,ceb05e56-a8c4-4235-8487-de47bb031bb0,0,0
TCGA-64-1677-01A-01-BS1.5ac1dc67-40e3-43aa-87ed-29348d5de2c3,37a88576-e5e4-4528-a710-931e8693f231,0,1
TCGA-64-1678-01A-01-TS1.d885d50c-0672-4c7d-a00e-7655717cd6d1,b6a76187-9f27-43ef-bbc0-ee7adb8d1a1c,0,2
TCGA-64-1678-01A-01-BS1.7cb663b8-f94b-4803-b581-317aaa10d113,e2e77b73-8feb-4f5e-b09b-b2fb813240aa,0,3
TCGA-64-1678-01Z-00-DX1.92C851BD-37AC-4C4C-9920-DF394411CC2C,d80f62d3-7876-4684-87af-bfa9bc73dc29,0,4
TCGA-64-1679-01A-02-BS2.ec73ab13-fa84-4047-89b8-c1880bc60d32,a7add636-a2b8-4e51-ba27-eb3bd338109b,0,0
TCGA-64-1679-01A-01-BS1.06dc184d-224d-4602-8194-fcc9392033f4,ea786bf5-4cc6-421f-acdb-e80317d7879a,0,1
TCGA-64-1680-01A-01-BS1.05c0cf5d-5e06-41bc-9d70-6b27639fc2fb,53266176-973d-4025-aa4e-f5bc85d1043d,0,2
TCGA-64-1680-01Z-00-DX1.9CB14F20-E7B0-49A1-A327-404B3160FD65,42a49b1b-70f8-4fb4-8bbe-e9c7afb7aa0e,0,3
TCGA-64-5774-01A-01-BS1.3664c229-7fd7-4393-8477-6d4d81cb0f46,d3bd61ca-cd87-476d-ba8c-41dd1d06693c,0,4
TCGA-64-5775-01A-01-TS1.3ae343ff-7148-480e-aaa6-9b3b32097479,c6d93a26-1908-4eab-9ce6-90d0a314291b,0,0
TCGA-64-5775-01A-01-BS1.45143fe3-93c8-4aea-90b7-e09d861b5ef2,30954cd6-73ec-4111-a96d-12f27eff1e6b,0,1
TCGA-64-5778-01Z-00-DX1.96C39819-8A65-4651-BE83-39959F6FAD05,89a114ee-32fd-45a7-8d75-7fe6169626c1,0,2
TCGA-64-5778-01A-01-TS1.e85c2800-9cf3-4e65-a002-342876faf327,78b9fee9-2aee-4fb1-a558-731f9f80104f,0,3
TCGA-64-5778-01A-01-BS1.24616cb7-c173-4148-8875-cfd04d3e4f3d,47228b4a-ffd2-483b-8bc8-7f160c066824,0,4
TCGA-64-5781-01A-01-TS1.21393a9e-867d-457b-853d-9dae2ae1cfbb,af4c685f-8141-477b-a84e-89ed3008b42d,0,0
TCGA-67-3771-01Z-00-DX1.7B54D132-6AB7-4F2D-8BFF-33AFE83CF204,4339b71a-2a79-431c-b708-d940b01c545e,0,1
TCGA-67-3771-01A-01-TS1.4cc1ce1f-f0db-4f89-819a-43ba2ca921c0,88c45ef0-9902-40fd-be46-093b049833a4,0,2
TCGA-67-3773-01A-01-TS1.dc8ffdb9-6b85-41f4-817e-36bfc559e3b0,22cb9e25-4640-4fe9-b944-ce234da6ea57,0,3
TCGA-67-3773-01Z-00-DX1.3E9DFC22-E962-4C18-BF5B-27EBEA089F5D,f43be0bf-51f9-44d3-ba72-dce43f7a1f24,0,4
TCGA-67-3773-01A-01-BS1.2e8279d9-57a3-4343-8e8b-0fa7e500a531,4385a0bb-72b5-4e96-afcc-d221b3ef2001,0,0
TCGA-67-3774-01A-01-TS1.f67c6f27-e04e-4f4e-b438-12f5ffbb578d,6ff3185f-6cfd-4182-8a0e-4e7e9626140c,0,1
TCGA-67-3774-01A-01-BS1.31cac0af-cd13-46e7-9383-505da43384a4,8fa06c19-9b38-46ee-96ab-88f8108275e1,0,2
TCGA-67-3774-01Z-00-DX1.FE85FDCB-91D2-47C5-8D13-D622A51A7BE0,4f5dc3e8-816d-4ab7-8a1d-c01cc7b566b4,0,3
TCGA-67-6215-01A-01-BS1.d10d04fe-ce17-4011-ae46-7b8a10d8551d,5e102028-b1c8-4082-9362-84331bf35249,0,4
TCGA-67-6215-01A-01-TS1.ec609997-6278-4ef9-8cda-0b63ee684642,0b6c301c-c5ee-4741-b7b4-f4f9060a00b0,0,0
TCGA-67-6216-01A-01-BS1.58bf3fa6-f1ca-468e-a262-a64aa8c0c6ce,6e73d6d7-0fff-41aa-8b91-a87f1685c53f,0,1
TCGA-67-6216-01A-01-TS1.5d6a40a7-84d8-4c53-b081-42d6938d9cf1,2f1549d8-3ea9-4e79-a491-12e0ecbb51a0,0,2
TCGA-69-7761-01A-01-TS1.5fbed09f-c790-4e78-a3c7-e026c878d906,8cc3b5f7-1f74-4bb9-a046-9870d8cdf912,0,3
TCGA-69-7761-01A-01-BS1.19480ea3-7dbd-4a5c-a775-a736a89eeb9b,9275c29e-cafe-4149-a2e3-f5226f546d63,0,4
TCGA-69-7763-01A-01-BS1.357e610f-fd28-46a2-9f80-ae8a9d4e7b02,7a3d8733-4aa6-4ac6-87c6-35b123b8e8fc,0,0
TCGA-69-7763-01A-01-TS1.2a937a3f-d597-4f60-ad84-2d29f313e0ad,acf87f55-3faf-43ad-9ae5-8108431d9fd5,0,1
TCGA-69-7764-01Z-00-DX1.be9fec48-68eb-4c27-a028-5315d7e368e0,451ec693-f54c-4a32-90f5-e06d35d15243,0,2
TCGA-71-6725-01A-01-BS1.af567bff-0660-457c-b077-b254f177d5fe,ed775a2f-1b42-40d9-8abb-8601cfa9157d,0,3
TCGA-71-6725-01A-01-TS1.a0931313-70a2-4511-85d2-391eb1a52a7f,9aebac7f-8c01-4feb-85e9-574576f79129,0,4
TCGA-73-4658-01Z-00-DX1.d5beb44f-9d76-485a-8af4-407b0f1a610e,ae5b4b33-a07a-4a5b-9b81-1d243b1b9af7,0,0
TCGA-73-4658-01A-01-BS1.2859e392-66d8-407e-85db-25bf4e4c5ff3,cc1a9fbc-0480-45e7-a793-2547bcb2873a,0,1
TCGA-73-4659-01A-01-TS1.c0790aba-6245-47e2-83ca-4bc93bfb13c1,e3c73aec-e169-43f0-a454-a898015bc39e,0,2
TCGA-73-4659-01Z-00-DX1.578400cd-d284-451b-8fdf-9f82c1458276,600defe9-cd83-4df7-9cc2-1050e2297feb,0,3
TCGA-73-4659-01A-01-BS1.b06128bd-9e18-4a74-9b61-ec3d592fe5b2,e7f98887-a7ae-4fd4-abd7-b9fb93e9f154,0,4
TCGA-73-4662-01A-01-TS1.a2819e02-b49d-4b3a-891c-9579c82021c8,c19acc99-322c-4dd4-85e7-8bc4ed3bad7a,0,0
TCGA-73-4662-01A-01-BS1.8080e628-4e9a-4055-9d79-d00c4bb7136d,f64445e8-65c0-4301-9183-7359125909c1,0,1
TCGA-73-4675-01A-01-TS1.0f95d892-f6da-42cf-8674-884d88145c10,deb9b342-8796-4552-8921-4697d864ed95,0,2
TCGA-73-4675-01Z-00-DX1.1027587f-8ec4-4b8c-8768-ff7b669683e0,25e6bbb7-c6d4-4352-8c89-3ca457372a5d,0,3
TCGA-73-4676-01A-01-BS1.0681abfa-e0e4-42d1-a510-6f530c63acd4,96f22156-f460-48b1-8812-2fd6f210f994,0,4
TCGA-75-5122-01Z-00-DX1.627FD712-3881-44CC-83E0-6C4DFC6C88C1,da7b6160-d659-4c1f-95f7-a7c5c265ee23,0,0
TCGA-75-5126-01A-01-BS1.2f8a1e41-168c-4f5d-9d64-cf540f6b57fd,c1800de5-a1f3-45e7-87fd-30797ae12612,0,1
TCGA-75-5126-01A-01-TS1.b2047eda-6fae-454d-a971-16e3cf8b0177,15222a76-cdc3-454a-ade7-b8d1137ec032,0,2
TCGA-75-5146-01A-01-TS1.8da9013b-65b3-4378-b6f8-b8dfe123ce28,465ed5bc-b7a1-4035-8592-4636d6d0a61a,0,3
TCGA-75-5146-01A-01-BS1.aa8037ba-7da7-48fe-b287-def64abe78e6,5f005b7d-75f4-4ad4-906f-ff3d711103e8,0,4
TCGA-75-5146-01Z-00-DX1.4958A631-7E6F-4FBB-A1C3-B8F8368D46C5,b745bca0-80d3-4f76-b896-900f9ea00ca4,0,0
TCGA-75-5147-01Z-00-DX1.3156FA5C-9737-4EAA-989C-FD578FBF15A1,a9d2de24-b5a3-4b7b-961e-c3dcb47e1017,0,1
TCGA-75-6203-01A-01-BS1.16ef47e4-eb98-40c3-98c6-2c0ca500db68,33899cff-7c16-4ede-a1d4-ad7b4c4847be,0,2
TCGA-75-6203-01A-01-TS1.404556ce-7d82-42c5-be43-01d101667e53,491c9aa3-6050-4c78-99ba-e0a6b6775ab3,0,3
TCGA-75-6205-01A-01-TS1.30141d32-1c26-41d9-8b2e-590b32cb59b6,77ae5928-1194-4504-90d9-cfed1796cb0f,0,4
TCGA-75-6211-01A-01-TS1.0b57076e-86c6-4eca-96a6-9210bdff863f,eefb5b5b-03aa-41a6-87fc-46851d6a7e8e,0,0
TCGA-75-7027-01Z-00-DX1.AC91B34F-DF67-4F95-B145-079A71A54E83,3614fe76-11a3-4b95-a0d6-426ec32fe90c,0,1
TCGA-75-7027-01A-01-BS1.c25a28f7-788d-4215-a35e-2621d3a54c45,3ccf53d6-ad22-4d09-bd16-8d36f09129ef,0,2
TCGA-75-7030-01A-01-BS1.b8c1df1f-aa9c-467b-9e98-9cf5bcb19c92,7e52c0ea-911c-4415-a2d6-78a40bb29c32,0,3
TCGA-75-7031-01A-01-TS1.ff890643-cd25-4528-ab56-1d866053de60,fef20a79-b91e-4ce9-95d9-50545ae6eab3,0,4
TCGA-75-7031-01A-01-BS1.d8662b20-ca4b-4dc1-8c15-fe78f8ea68b8,bc14091c-1ee6-462f-b761-665684e700ca,0,0
TCGA-75-7031-01Z-00-DX1.B058D81B-E869-4AEA-8CAC-4B6264FB86A8,a83ac4f3-0b14-4e4e-af76-1c8644d416cc,0,1
TCGA-78-7143-01A-01-TS1.083d369f-9333-4fe9-99f2-115eb5db3a3c,677604f7-1271-4770-8d20-1615e0b81c92,0,2
TCGA-78-7145-01A-01-BS1.de42c8f6-2871-4fc8-8697-5ed488970dfb,b448d5fb-16f4-4f14-b172-4e235036eee1,0,3
TCGA-78-7145-01Z-00-DX1.ecde66bf-2de8-4e31-b3ab-4fed4f055dda,d1970ade-6593-41d9-bb79-7a3324cda8a9,0,4
TCGA-78-7148-01A-01-TS1.4b4299ad-37d7-43e1-894b-8d2f9d97df14,ec251783-9322-417b-b4df-e01f0b3b9100,0,0
TCGA-78-7148-01A-01-BS1.f9fd43a3-458f-461c-a306-d4558922b4e9,57a2e7a1-5847-4913-8563-ba9cc11c4c0b,0,1
TCGA-78-7149-01Z-00-DX1.1b83dbcb-0c9f-4e50-bb98-bf9a157052cf,b376083e-f47f-4bcb-b513-14a34097afbb,0,2
TCGA-78-7149-01A-01-BS1.837bfa58-ec4d-445e-a7a0-b5f2984c4788,d56f5f6f-1fab-4c9c-826c-7474d2361212,0,3
TCGA-78-7149-01A-01-TS1.292fe3f0-a93f-4f9a-a9e7-bc3b64c4c1cf,1d87cf39-5944-4ea2-b69e-952a283fbcdd,0,4
TCGA-78-7150-01Z-00-DX1.46e6e65c-521c-49de-b106-419dc840b235,3ecf7789-d837-43fc-b354-cb6a765a4958,0,0
TCGA-78-7152-01Z-00-DX1.a04f9d84-3304-402c-9c0c-f64545c14781,2cc62ceb-4bea-4663-ae3b-63a8e8c7f1f4,0,1
TCGA-78-7152-01A-01-BS1.17987afb-41a5-44ff-94e2-a282163a10be,8006f65b-954b-4f7e-ba14-3653abc9bdff,0,2
TCGA-78-7153-01A-01-TS1.4ab29934-b649-4b5c-8530-38268ff40c28,007ba3eb-e687-4439-be92-99d0e97e35d9,0,3
TCGA-78-7153-01A-01-BS1.4c47cc2d-5ea5-4c04-8431-3142030f45ff,e788ff03-6db4-44d6-9846-47fb3c6aeb7c,0,4
TCGA-78-7153-01Z-00-DX1.5190321a-f1aa-4c6e-b4b9-6767b779682b,7b5d5572-0613-49d6-9c99-c9d9439246a4,0,0
TCGA-78-7154-01A-01-BS1.b36a441e-a09d-4bcd-ac96-8076c14add71,e8b2a7fb-194e-4940-b6ad-e58fcea70447,0,1
TCGA-78-7154-01Z-00-DX1.596c20c2-e811-4b5e-961c-98343afcccde,3b2154ee-4d1d-4e2a-9863-173fc4a2e66b,0,2
TCGA-78-7156-01A-01-TS1.b87a0bce-676c-437a-be81-6cf7854d8385,bed9aa12-1018-41e7-aed3-96f899c46aa0,0,3
TCGA-78-7156-01A-01-BS1.b564afca-0e05-4b5f-a5fe-b4994c97f007,3abc179d-0c8a-4f5f-b1d3-fd1e7b5bf3f1,0,4
TCGA-78-7156-01Z-00-DX1.9f7c8eb9-73de-49be-a487-e1fd4411b7b5,e1922564-77fd-4980-8416-cb63ff89c71c,0,0
TCGA-78-7159-01A-01-BS1.a248a614-881b-471b-a683-a9ede5b3ec1e,3737e100-50a1-4bbf-82d2-7690a4b5a090,0,1
TCGA-78-7160-01Z-00-DX1.f40f6c04-74b1-4cef-aabc-cbafadbdf39f,ed84f981-7ee0-4796-9519-f9e7b9d11291,0,2
TCGA-78-7160-01A-01-BS1.5f187b2c-aafb-450f-96f9-203674da6090,1f04ee8c-8f20-466c-89d9-1a2b37829b0a,0,3
TCGA-78-7160-01A-01-TS1.96723471-7a98-4954-9b82-a15d4b0a0f65,801378b0-a084-49ac-ba52-0a8d4a75a0e7,0,4
TCGA-78-7161-01A-01-TS1.459783b5-2956-4045-a1c2-a605248a6ffa,5680c82e-d36d-4267-9d13-738501fb996f,0,0
TCGA-78-7161-01Z-00-DX1.646cf15a-5961-4728-b9fe-fe3fff11831f,7902dc56-411c-49cf-a49e-a6c844ea76f8,0,1
TCGA-78-7161-01A-01-BS1.2bad8f79-9d26-45f2-a53c-f70cf2263846,ee5016b2-eaab-482e-9a28-caf0ea6add4e,0,2
TCGA-78-7163-01A-01-TS1.4b63c412-8fd3-4353-abcd-b9b866b36f87,7f22fa62-7308-45ab-a6ea-619b46ee480e,0,3
TCGA-78-7163-01A-01-BS1.a9202189-8fb4-4c62-9e11-baf67acb3e2c,49a2ba89-2e14-4495-a2ad-58292b332bca,0,4
TCGA-78-7163-01Z-00-DX1.42880bdf-271d-41dd-aada-e7ec1156ff31,6210140e-4500-42ba-9759-a79ee1cfdf7b,0,0
TCGA-78-7166-01Z-00-DX1.d19ad2d9-b006-4a13-ba54-2fec234c2373,3ec17108-22e1-4454-bdb1-2fdbb0dd800b,0,1
TCGA-78-7166-01A-01-BS1.610bd138-dabc-4599-a9af-a5768cb2506c,1a3de748-dd81-457a-88c3-f3a5a70e6934,0,2
TCGA-78-7167-01A-01-BS1.7777a8a1-9d69-41b7-8e02-4e1bd4795624,9c2628ac-0a0b-4805-8253-0ad494bc150c,0,3
TCGA-78-7167-01A-01-TS1.c8054ac6-d838-455f-bd0a-1e2c6b025136,0eeacff2-6cca-4319-ba36-60a93d192b89,0,4
TCGA-78-7535-01Z-00-DX1.c4ca06f3-22d1-4e39-85c8-98d1fa2b0e60,c5cc9280-d4c9-4090-9fb1-1d1cc5e2f8d6,0,0
TCGA-78-7535-01A-01-TS1.35e405f0-fc84-4049-b0a8-a99a075dac6b,d9a6a021-78a5-4c70-99ae-1fcb5886f177,0,1
TCGA-78-7535-01A-01-BS1.bece83ec-80c6-4163-b489-2495f624cd06,381aa50c-d067-426b-a3d5-1c8ab54ce830,0,2
TCGA-78-7536-01A-01-BS1.976e5028-cc47-4c8b-a069-b8aa4761acda,eabd3848-a437-48c9-888f-d26ac91a4572,0,3
TCGA-78-7536-01Z-00-DX1.6b066140-8b82-40a5-bd48-430eeb4463fe,9f4c83ad-2b86-45dc-bc07-46ee964d20a2,0,4
TCGA-78-7537-01A-01-TS1.4571601f-a256-4394-b5d1-60e22115072b,490fc336-7208-41c6-9eb8-215865c9f634,0,0
TCGA-78-7537-01A-01-BS1.361681cd-c994-4e34-b71f-67b660563dd2,86f75d6c-b1aa-4473-80e4-42f093f39b9d,0,1
TCGA-78-7539-01Z-00-DX1.b838d859-2fb7-48d1-a442-d366ac404099,38b492ba-9fd1-4d4e-b729-4e2d25363aba,0,2
TCGA-78-7539-01A-01-TS1.1f2c8802-8e2b-4acf-adfe-6ac9bbf745ae,156e8990-d19d-4943-a1f7-125907397811,0,3
TCGA-78-7540-01A-01-TS1.aa2d97a4-60a1-496f-b7c3-58b887d174ce,2f900937-0ba4-4520-a7ca-b3b94f0ac7fa,0,4
TCGA-78-7542-01A-01-BS1.3abc9047-55d9-4cc0-bd4f-abcfb4b3092f,53b3aef7-9dd9-456c-a07d-ba7906b0de87,0,0
TCGA-78-7542-01Z-00-DX1.2ee042a6-11ee-4668-b254-44144fca4234,e9298a6b-7d4a-4fe2-8349-3719a8c26d07,0,1
TCGA-78-7633-01A-01-BS1.da9ab57a-5c4d-4d61-b592-c794e326f134,e900d8eb-a096-4aa8-a2c0-899153e31d08,0,2
TCGA-78-7633-01Z-00-DX1.f0cd4825-eb92-4098-954a-fbb1e4851660,522996bc-0427-4669-88dd-ed72dfac8fa1,0,3
TCGA-80-5607-01Z-00-DX1.94C9CF78-2F79-4A0B-8939-1CD9B915222D,30c07c29-637e-4834-a702-249505ac4bb8,0,4
TCGA-80-5608-01Z-00-DX1.CB85BA53-AF00-4C7D-8489-C2FF0F4F49AB,33b8af43-091a-4bc6-9711-37dacfde5dc8,0,0
TCGA-86-6562-01A-01-BS1.9b705d9f-eb8e-467c-9f31-aa5e5b1faaec,1ff96056-c421-499d-90c1-c76870bb5370,0,1
TCGA-86-6851-01A-01-BS1.97632bcb-defa-4e56-bbf6-e23bef7cb685,ede8be7b-800e-443c-b9a1-48a2f5ad0e66,0,2
TCGA-86-6851-01A-01-TS1.17b19b68-834e-46da-9b9b-be5fd84e60b2,65fc01c7-7981-41c3-96e3-6c89788ca41e,0,3
TCGA-86-7714-01A-01-BS1.96ae5077-ba6a-47e1-893d-63e0bcea734d,eb703f73-cdbb-470f-885c-1a33f471b1d5,0,4
TCGA-86-7714-01A-01-TS1.459126fb-76b3-41d3-8a00-c575e3342045,9c669488-6e90-4dce-beb9-4f0b61e0f848,0,0
TCGA-91-6828-01A-01-BS1.b8b423ab-8d4d-4f4d-a4e3-e1db80e070e3,e212499d-c7da-448a-9a21-458d49952f73,0,1
TCGA-91-6828-01A-01-TS1.9582619f-ecd4-4890-8af1-14e5eb0f536e,989c6c42-a956-4ec0-8d7a-f6840129c67c,0,2
TCGA-91-6829-01A-01-BS1.8ec1007b-5ff9-4bc0-b538-f9130c754614,59c13a76-e01d-4613-99dd-fa80c2ccd60c,0,3
TCGA-91-6840-01A-01-BS1.c5444bb0-e7e1-4fc5-a15d-0b477c2a8526,fe69384d-5ce8-4784-b079-002aee87e3e1,0,4
TCGA-91-6840-01A-01-TS1.34968e0a-95a9-429b-b0a3-0a96b314b797,e633526e-787b-424e-848e-38081573eb19,0,0
TCGA-91-6849-01A-01-BS1.bf1eff88-1e15-443a-a9b3-188c896ef8f5,cfdc67d7-c6b0-467a-80f5-2e07ecd8230e,0,1
TCGA-91-6849-01A-01-TS1.c7d56655-6e3d-492f-b5fa-4781ec6f94ab,4e91090b-bb4e-4b93-836c-86110a1a4adf,0,2
TCGA-91-7771-01A-01-TS1.42bc9a02-3c6e-483d-9419-8971a7e285b1,924a8038-a3a5-451e-bc38-8a64233acf53,0,3
TCGA-93-7347-01A-01-TS1.02ce4270-8e0f-4e8d-a391-9bda489910ce,662a361a-6f79-4930-81f6-62bf7adb30ec,0,4
TCGA-93-7347-01Z-00-DX1.a22b7163-07bd-4f6a-97c7-f1561c4d73cb,4f3700fa-7945-4142-9b0b-427a0a0e7426,0,0
TCGA-93-7348-01Z-00-DX1.d657dc43-ca6c-404a-8ebe-6e6b78a8d1d1,9623de97-fa97-4f9c-99c3-8157c74aa7aa,0,1
TCGA-93-7348-01A-01-BS1.4cdbc1f4-9893-4ab8-8f29-5815620ef381,1f417895-d5ba-4373-abc5-c1ce523d0420,0,2
TCGA-95-7043-01A-01-BS1.ef0e9345-c695-481d-98f7-0bd114aef3e9,e2db17ac-ffd4-4a49-852a-6f2e1db1080d,0,3
TCGA-95-7043-01A-01-TS1.7cd5ffdf-7138-49e2-98b3-1cf58e3de980,31f879b2-8f4b-44e9-8aef-996f1562bf34,0,4
TCGA-95-7567-01Z-00-DX1.982FF122-A440-4949-926C-B58AF8381090,bbd559b5-9161-42ad-86f8-0adebb26840b,0,0
TCGA-95-7567-01A-01-TS1.16f9328c-0060-43e2-b998-e15022e75fff,c31a831e-fcb2-4389-8527-3aeb9cb14e41,0,1
TCGA-97-7546-01Z-00-DX1.dad9871f-cdfb-424d-a5b2-4e0905c29137,5e6b543e-3d96-41fd-8656-e401a601d36c,0,2
TCGA-97-7552-01A-01-TS1.65a251c4-b794-4fad-9c75-dcd048a50b5e,fa098f77-9092-49be-973a-5ee1ca062e52,0,3
TCGA-97-7552-01A-01-BS1.f70f5b46-b522-4d50-aafd-5685342e08a1,02420dbc-9e55-4d5e-b5c0-468f77a773a4,0,4
TCGA-97-7552-01Z-00-DX1.a5ab8959-ff7a-4287-b014-87439957fb67,015862cf-a450-48fa-b987-f993729436a6,0,0
TCGA-97-7553-01Z-00-DX1.e31eec5e-0053-407a-b057-9b87555b122d,9cb06996-ddb5-4280-88e9-9382148ed69d,0,1
TCGA-97-7554-01A-01-TS1.f7ebd35c-ecac-4d02-8765-c2d7b4303df3,05419c07-1cef-40d4-b590-bd5de831b6fd,0,2
TCGA-97-7554-01Z-00-DX1.4107ca63-4642-42b9-b6f2-13778ecaf9a7,26567121-41c6-4a8a-9542-997b90b438aa,0,3
TCGA-97-7937-01Z-00-DX1.6db4b2ff-722c-4bb8-b12f-15f1a38b4ab1,13979b83-04e6-4cd8-a0b6-ecf32cacfb64,0,4
TCGA-97-7937-01A-01-TS1.52bec102-5ea6-4f89-b3c4-2fa2e5c0ef20,7a8b972b-973a-4291-93c1-2f3ef3ea4538,0,0
TCGA-97-7938-01Z-00-DX1.d774d0a2-ee34-43ba-9d9d-34bf9718292e,e5e7bff8-cf44-47d9-9328-358ff8dc9172,0,1
TCGA-97-7938-01A-01-TS1.b8ccb4a5-0bdc-4a7c-92ef-a41bcec791a1,ffd0af64-11c8-48fc-8f44-dae65b49493c,0,2
TCGA-97-7941-01A-01-TS1.9a810408-791e-445f-97b0-7e628b1dfc44,d4687d04-7079-410d-b9b7-6bc777dde4d2,0,3
TCGA-99-7458-01A-01-TS1.d839bea7-a4d0-493e-833f-ca1a8eccdc3e,500b3f6e-5595-4b2b-86aa-983e19bb7df2,0,4
TCGA-99-7458-01Z-00-DX1.10ea0b2c-c763-40d1-83a4-3d4ae957fdb0,25daa5e5-bf3c-41e6-9b9e-170c18a603fb,0,0
TCGA-99-7458-01A-01-BS1.d96cc75b-eccd-403b-8c5e-7eaa1bf6326a,c3adb125-a4ab-4b9b-a0c4-f6bc96c58f4a,0,1
TCGA-95-7948-01Z-00-DX1.FF1AEF38-19E5-4475-87C8-B318204FEF1D,442f22c3-2eb6-4f62-9ef1-21115f907c6a,0,2
TCGA-55-7724-01Z-00-DX1.31a194ac-62e3-4225-8e32-8c2a83dcdd10,e6477e75-1729-4e1a-8166-963a1ed02556,0,3
TCGA-55-7726-01Z-00-DX1.37df197b-d4fb-41c4-ac6a-72dbaa31027b,2565c233-f5d8-4214-8e54-b7ccdd308f99,0,4
TCGA-69-7980-01Z-00-DX1.8bbf8cc0-eca7-49e5-a022-c22e3e6ed6dc,3cde1c79-65c1-4d3b-8b0b-f8e81a512865,0,0
TCGA-73-7498-01A-01-TS1.19171a0b-a0db-45ef-a5f8-7ddd4ee168f3,4e6c4c7a-085d-480d-ae27-8b91c88ebe8a,0,1
TCGA-73-7498-01Z-00-DX1.5313bba9-7f6a-49b4-8d6e-a0f46a04f189,304fc295-f208-40b6-8d66-b5cef921ade0,0,2
TCGA-73-7498-01A-01-BS1.eb69d62c-ed3e-4800-b432-4e6cca7b0e92,754f3bf1-7149-4d58-ae3a-98cdf730da84,0,3
TCGA-73-7499-01Z-00-DX1.81f5c1c1-3d40-4773-a1fb-e1f8eb9f6730,9b16a66b-ad8d-4616-88a5-fd3af25dc8ed,0,4
TCGA-05-4382-01A-01-BS1.ac519a18-8590-4fab-8af6-bb43fbe65310,5171b01b-0c30-4cca-abc3-768fba0812c3,1,0
TCGA-05-4382-01Z-00-DX1.76b49a4c-dbbb-48b0-b677-6d3037e5ce88,9eb264eb-548e-4452-955a-fb5572e43cf6,1,1
TCGA-05-4382-01A-01-TS1.8db4f123-fdc3-419c-a59d-fca2ca83a597,363c9ea9-31c9-4b1f-b30f-02851f7c7988,1,2
TCGA-05-4402-01A-01-BS1.7d2bb641-7bf8-4806-a3da-3b3a10760c1f,321a35b2-6b12-4dff-befb-43b840a87d3c,1,3
TCGA-05-4402-01Z-00-DX1.c653ddc2-88c1-45ac-88e7-4e512b8e8d53,03e2bc97-060e-4575-9510-4d7ec8a9c9e8,1,4
TCGA-05-4410-01A-01-BS1.9f17e837-5c04-4f1b-8438-d49fa409d361,c9d8e570-dddb-4010-b6b9-8a02527351a1,1,0
TCGA-05-4410-01A-02-BS2.358046d0-94e0-4576-8a3a-17028da63b42,fc2fbfd5-f8a8-43bf-bde9-1039ac4711a8,1,1
TCGA-05-5423-01A-01-TS1.85de7d55-2f36-4a67-86d0-d534bd19f659,fe7f5164-dedf-4352-8dc2-1b6e1dc873da,1,2
TCGA-05-5423-01A-01-BS1.8bc9274f-19c8-4ffe-a789-7c1570d3b24e,48d82369-fac8-4794-9a13-cf39629a1548,1,3
TCGA-38-4627-01A-01-BS1.d141e46d-3eaa-4605-8672-e4341e01bfee,3b46ee89-e896-4fa2-a740-cb638e74c607,1,4
TCGA-38-4627-01Z-00-DX1.fe406eb9-b38b-410d-aa1a-84ab8ac091c7,eebb6237-eed2-46a7-bf23-47fca9fa292e,1,0
TCGA-38-4628-01A-01-BS1.e36d38b6-0744-49c3-be1b-eedd00a80d57,04ba3369-ae30-4ab6-8ec6-3c1a4f4b3193,1,1
TCGA-44-2661-01A-01-BS1.454ae128-140c-4bc3-98d6-529a9e0808f4,cad294a3-8939-4743-affa-c4b97550333b,1,2
TCGA-44-2661-01Z-00-DX1.20cfa0f8-e3ca-4c26-9dfe-b9d416cd94b1,9a077587-a524-4622-afbc-c061b91cfcaf,1,3
TCGA-44-6147-01B-06-BS6.74FAC41A-3A9C-4821-9BB9-63985D835F30,37b6d8df-4a8a-4932-aecc-2567c4a2070a,1,4
TCGA-44-6147-01A-01-TS1.3abeedc6-cb8c-45da-8054-c8cd7a4f4346,42f51799-6ea6-4441-8110-7b4739d6fb08,1,0
TCGA-44-6147-01B-04-BS4.54DF2F7F-5091-491B-97A7-B8F7E88800CE,378a46fa-5c9e-41e3-b280-1a8c642b8026,1,1
TCGA-49-4490-01Z-00-DX4.4e94aeb6-f616-4bdd-82bc-2ca2f2b5a5c4,dbf4eee7-a167-4c87-b7b2-da569f937391,1,2
TCGA-49-4490-01Z-00-DX5.feea87ff-61c6-465e-8b36-4803f6af3d62,aeb7a093-4e58-4177-9097-ddcb1297e0cf,1,3
TCGA-49-4490-01A-02-BS2.161a2ff9-e4b3-41de-b961-38ceed0f0024,a8b29a73-ba1f-48c0-a4d1-2473e5a01cc4,1,4
TCGA-49-4490-01A-01-BS1.6839a32f-4d5a-47ee-9cd6-14f3c09b92c2,392d72cc-9290-41c6-b856-e24e187bc7be,1,0
TCGA-49-4490-01Z-00-DX2.1b491bd7-60d2-40a6-96cd-01385bce2b0f,a28f5d37-6ab4-4567-b945-79c73048ac5f,1,1
TCGA-49-4494-01Z-00-DX7.9f722476-622e-4374-9fda-ef35184f01e0,0315c33e-aeaa-4221-8799-7c67bbfc0407,1,2
TCGA-49-4494-01A-01-BS1.609d0f76-5993-4636-af49-ef835ff19c6e,53fd1889-bedd-44bd-abc5-d0910a39430c,1,3
TCGA-49-4494-01Z-00-DX5.1e9e22d6-a4c9-40d1-aedb-b6cd404fe16f,42c020ad-9e40-43e0-8a7c-fcf0b70781e7,1,4
TCGA-49-4494-01Z-00-DX3.e80b4534-4d6e-4d79-962e-017ffee24d67,f48f6931-9d01-498b-8c14-09233c3e9a50,1,0
TCGA-49-4494-01Z-00-DX2.cac5ed0a-98c3-4d37-a4f4-9596a061836a,91295581-e479-4e1e-a55f-4a5ad770e43c,1,1
TCGA-49-4494-01A-01-TS1.2e7d510c-93e6-4413-8080-0fe2cf17a536,38d3981b-76f8-49c8-8198-5e2e541f001b,1,2
TCGA-49-4494-01Z-00-DX1.2bf10e85-465a-4b17-abd7-3565f0e538a5,26319972-a5ec-495e-80e8-9d42f9676090,1,3
TCGA-49-4494-01Z-00-DX4.4c6a4560-adee-4fc9-8fd8-feb7f89e51e3,749c9275-6de9-48a6-8a13-354babf3ae8f,1,4
TCGA-49-4501-01A-01-TS1.a4690842-db9d-4f6f-8e45-2a81ad668470,0094bc6d-d40b-4043-978d-aca70a38ea12,1,0
TCGA-49-4501-01Z-00-DX3.b6c2cc84-1c94-4816-92e7-8cf4446ac9ac,910fdcf7-fb14-4c52-865d-1cee333d5e60,1,1
TCGA-49-4501-01Z-00-DX2.07b7723d-136b-490c-9dd3-7f3aef78d3d9,04e1d8f1-c6ef-4f1d-b60a-c95b3a992567,1,2
TCGA-50-6595-01A-01-TS1.568a5953-223c-470e-8aad-bc629fae39cc,6f09ba8e-653d-48a4-bea5-bc93965d570c,1,3
TCGA-50-6595-01A-01-BS1.de012349-4f93-4341-a07c-81835a597cc9,689cd91c-6a4f-4423-84e5-3adbb9829a99,1,4
TCGA-50-6673-01A-01-TS1.155752fd-058d-4445-a361-0c59a4e9151c,5414e89e-092d-4ebe-b424-1b8f311c9346,1,0
TCGA-50-6673-01Z-00-DX1.e24fb432-3fff-4f00-a316-16d05275c1e7,52da3260-d7b7-47b7-a213-946b04e8fe24,1,1
TCGA-55-6980-01A-01-TS1.d9c3a443-0b13-40f5-80fd-575d53f91ea1,88f18481-c060-4678-bf76-24b023c0dabc,1,2
TCGA-55-6981-01A-01-BS1.7d25cfdf-bd18-4dc6-a2d5-06ea8ad83c93,f3a947cc-c9ed-40ad-8984-e12d7dca0b00,1,3
TCGA-55-6981-01Z-00-DX1.5fecd134-42a0-40a2-be75-1e8bd14c5b30,74e02518-3b74-4ba6-b4a5-044e44f8f370,1,4
TCGA-55-6981-01A-01-TS1.55bea1ae-e14c-4110-b913-719b19225f5b,10c72f17-bcc5-4ab4-bbab-3aa4b4eba98a,1,0
TCGA-55-7573-01A-01-BS1.67eb9c3b-996a-4c70-9ee4-0283413fbc2f,8fb30fba-fde1-41fe-9b13-51efb7ef2c6c,1,1
TCGA-55-7573-01A-01-TS1.1716e918-eff9-45fe-aa38-a32c3cd7807e,55427c04-bab8-4957-8e0a-d52a8ec77840,1,2
TCGA-64-1681-01Z-00-DX1.fb0244f6-51a8-4da2-b45c-38d8e02edab7,7c4036ba-3945-49de-b730-2f252a1d9808,1,3
TCGA-64-1681-01A-01-BS1.05d188f2-df75-47b5-bb6c-5536d7520efd,5f4dc8f6-1108-42d6-8a0e-906c7a1e8e93,1,4
TCGA-64-1681-01A-01-TS1.95ef9027-459a-4796-97a2-773e7cfed3ee,c99cdb97-90b5-407c-9933-ab0eb49a067d,1,0
TCGA-67-3772-01Z-00-DX1.CB05C5CC-2801-4BB9-94A0-83E9005BCA2E,65031891-4368-4cfe-b54e-11b20fc70c85,1,1
TCGA-67-6217-01A-01-BS1.49c857c1-9817-48ed-8b34-5b168c2496c7,7c70d60c-9611-443e-bab5-0f9ded9e0858,1,2
TCGA-67-6217-01Z-00-DX1.3fa5c69b-60d1-41fb-a86f-48f77d81285f,f0523037-8310-4453-bc0b-cf2fe91d7206,1,3
TCGA-67-6217-01A-01-TS1.4365ca98-0e86-4898-bec9-9792657990d4,94b8784e-3422-4ddf-acad-791a1f7ca8a1,1,4
TCGA-69-7760-01Z-00-DX1.7fc295e3-5bfc-4017-801c-491489d0eb34,2198c8d4-a4eb-4405-833a-dd630643ca31,1,0
TCGA-69-7760-01A-01-TS1.884236b5-632f-4a00-a7d1-d6d51d84ccf6,f0f66584-daf2-4712-98e5-c5f773cfa34e,1,1
TCGA-69-7765-01Z-00-DX1.ac389366-febb-488c-9190-fe00bc07cd20,ca05aca1-abc1-40a4-8d3d-eca102a60fff,1,2
TCGA-69-7765-01A-01-TS1.9ba2967f-d8c5-4ade-8f10-85851a7881fc,ac0a6c63-b664-402b-807c-d969459e8513,1,3
TCGA-75-6207-01A-01-BS1.53130941-44b8-41e9-965e-d13f553a43d0,8da6b589-3cf7-41fd-a150-d0b719828cb4,1,4
TCGA-75-6207-01Z-00-DX1.837B7B0F-424C-423B-9045-A905E7C1C54C,836487d9-cc0f-4c1a-9fe6-ef6ed93a28f7,1,0
TCGA-75-6212-01A-01-TS1.90cbf8ac-2c1a-4756-ad92-85306747cedc,36ccfaad-1c2e-4d58-9232-02a40d7cb474,1,1
TCGA-75-6212-01Z-00-DX1.FCB36956-DF6C-485D-8E7A-922A2BDAE669,3ece9266-6efc-47f1-a894-bbe0969daa31,1,2
TCGA-75-7025-01Z-00-DX1.284477D7-4F47-4084-A15C-0A7E9571E3DF,dc9604b4-b425-4cbe-b271-3453f740ea11,1,3
TCGA-78-7147-01A-01-BS1.b738d057-6694-4453-bb15-14dcd90f5775,05f92e2a-2ad8-4348-9e18-d154be2daffa,1,4
TCGA-78-7147-01A-01-TS1.8efc5b05-55cb-450a-a75d-1d5033334f51,608e546a-f602-43a2-bd9a-31cbb5a3ae3d,1,0
TCGA-78-7147-01Z-00-DX1.a9fd2c5d-b8f3-4524-bd64-6c3362ce373b,1a8b8b45-d105-47ba-aa99-7c727c539baa,1,1
TCGA-78-7155-01A-01-BS1.a0a668be-4f07-4a5d-8fb2-6e97006fa1da,c39528bc-88b5-409c-ad11-56ced2c3fcb9,1,2
TCGA-78-7155-01Z-00-DX1.32258467-7550-4a1b-8df9-a869fb83e559,a4f53a6e-c297-4937-8202-0e5f7b80ffd9,1,3
TCGA-78-7158-01A-01-TS1.7316cf99-dff8-4f59-a0e0-c3ba3eb8dce5,92ef950c-7c09-4872-9fbd-e2dbfe5a0223,1,4
TCGA-78-7158-01A-01-BS1.3b9b6712-5409-45b1-8f2f-1d868d09be14,16cac4fe-54cf-4c33-a8c9-11d528886e4f,1,0
TCGA-78-7158-01Z-00-DX1.74db3dcd-2715-4ce7-8e48-30c8b7946ba0,19b89589-cbb4-4b6a-bd21-257c04c531fe,1,1
TCGA-91-6835-01A-01-BS1.307c5dae-e277-4d87-bbf1-1ed73e3c994b,07d1557e-7970-42ea-b533-a9446377cd3a,1,2
TCGA-91-6835-01A-01-TS1.eaee91a3-e27c-4479-906d-4f07d8017895,d4660669-3f19-493c-8712-dca4c8b87c02,1,3
TCGA-91-6847-01A-01-TS1.9961f002-08f9-4406-ab62-59d39ae513bb,463cf1fc-4ba0-40ca-87a7-8a3290d2ee63,1,4
TCGA-95-7039-01Z-00-DX1.C191A46D-A667-4BF6-8E6B-3E5CBF9DF43F,accc12d3-3a4f-4597-a9c8-31d0b2ac090c,1,0
TCGA-95-7039-01A-01-TS1.e11bc968-6fff-4889-8062-6a8c73a2e7c6,bff04943-a53e-423f-a135-0f51c3268077,1,1
TCGA-95-7039-01A-01-BS1.f7e6a6f1-6a87-46bf-b14e-4c0ca65718b8,567f8365-5d80-4040-9194-d4437f2a8575,1,2
TCGA-95-7947-01A-01-TS1.15869217-87cb-4f87-bacf-c12a10bddb77,986dbeda-b5a6-4c87-866a-83c9d66eab6e,1,3
